Experiment ID,Experiment Version,Tree Node Key,Schedule ID,Participant Private ID,Spreadsheet,Spreadsheet Index,Display,Trial Count,"Screen ",Screen ID,Screen Index,Screen Counter,Timestamp,Elapsed,Type,Name,Unique ID,X Normalised,Y Normalised,W Normalised,H Normalised,X Raw,Y Raw
226813,8,task-fsrg,46151473,13415449,Spreadsheet1,5,3 Discounts Fatigue,1,Screen 1,7ej6b1,2,2,212503.5,0,zone,Image,object-117,0.7362155388471179,0.5553467000835421,0.11090225563909774,0.22180451127819548,0,0
226813,8,task-fsrg,46151473,13415449,Spreadsheet1,5,3 Discounts Fatigue,1,Screen 1,7ej6b1,2,2,212503.5,0,zone,Image,object-118,0.444548872180451,0.5553467000835421,0.11090225563909774,0.22180451127819548,0,0
226813,8,task-fsrg,46151473,13415449,Spreadsheet1,5,3 Discounts Fatigue,1,Screen 1,7ej6b1,2,2,212503.5,0,zone,Image,object-119,0.15288220551378442,0.5553467000835421,0.11090225563909774,0.22180451127819548,0,0
226813,8,task-fsrg,46151473,13415449,Spreadsheet1,5,3 Discounts Fatigue,1,Screen 1,7ej6b1,2,2,212503.5,0,zone,Question,object-120,0.08317669172932331,0.9446532999164579,0.8336466165413534,0.2781954887218045,0,0
226813,8,task-fsrg,46151473,13415449,Spreadsheet1,5,3 Discounts Fatigue,1,Screen 1,7ej6b1,2,2,212503.5,0,zone,Option 1,object-121,0.12515664160401,0.33333333333333337,0.16635338345864661,0.16666666666666666,0,0
226813,8,task-fsrg,46151473,13415449,Spreadsheet1,5,3 Discounts Fatigue,1,Screen 1,7ej6b1,2,2,212503.5,0,zone,Option 2,object-122,0.4168233082706766,0.33333333333333337,0.16635338345864661,0.16666666666666666,0,0
226813,8,task-fsrg,46151473,13415449,Spreadsheet1,5,3 Discounts Fatigue,1,Screen 1,7ej6b1,2,2,212503.5,0,zone,Option 3,object-123,0.7084899749373434,0.33333333333333337,0.16635338345864661,0.16666666666666666,0,0
226813,8,task-fsrg,46151473,13415449,Spreadsheet1,5,3 Discounts Fatigue,1,Screen 1,7ej6b1,2,2,212870.2,366.70000000001164,mouse,,,0.49154135338345867,0.20551378446115287,0,0,726,634
226813,8,task-fsrg,46151473,13415449,Spreadsheet1,5,3 Discounts Fatigue,1,Screen 1,7ej6b1,2,2,212886.8,383.29999999998836,mouse,,,0.48966165413533835,0.21177944862155385,0,0,724,629
226813,8,task-fsrg,46151473,13415449,Spreadsheet1,5,3 Discounts Fatigue,1,Screen 1,7ej6b1,2,2,212902.9,399.3999999999942,mouse,,,0.4849624060150376,0.22556390977443608,0,0,719,618
226813,8,task-fsrg,46151473,13415449,Spreadsheet1,5,3 Discounts Fatigue,1,Screen 1,7ej6b1,2,2,212920.3,416.79999999998836,mouse,,,0.47650375939849626,0.2443609022556391,0,0,710,603
226813,8,task-fsrg,46151473,13415449,Spreadsheet1,5,3 Discounts Fatigue,1,Screen 1,7ej6b1,2,2,212936.8,433.29999999998836,mouse,,,0.4492481203007519,0.29323308270676696,0,0,681,564
226813,8,task-fsrg,46151473,13415449,Spreadsheet1,5,3 Discounts Fatigue,1,Screen 1,7ej6b1,2,2,212953.5,450,mouse,,,0.424812030075188,0.3320802005012531,0,0,655,533
226813,8,task-fsrg,46151473,13415449,Spreadsheet1,5,3 Discounts Fatigue,1,Screen 1,7ej6b1,2,2,212970.2,466.70000000001164,mouse,,,0.39379699248120303,0.3771929824561403,0,0,622,497
226813,8,task-fsrg,46151473,13415449,Spreadsheet1,5,3 Discounts Fatigue,1,Screen 1,7ej6b1,2,2,212986.9,483.3999999999942,mouse,,,0.3768796992481203,0.39974937343358397,0,0,604,479
226813,8,task-fsrg,46151473,13415449,Spreadsheet1,5,3 Discounts Fatigue,1,Screen 1,7ej6b1,2,2,213003.5,500,mouse,,,0.34116541353383456,0.4448621553884712,0,0,566,443
226813,8,task-fsrg,46151473,13415449,Spreadsheet1,5,3 Discounts Fatigue,1,Screen 1,7ej6b1,2,2,213020.1,516.6000000000058,mouse,,,0.32706766917293234,0.46115288220551376,0,0,551,430
226813,8,task-fsrg,46151473,13415449,Spreadsheet1,5,3 Discounts Fatigue,1,Screen 1,7ej6b1,2,2,213036.9,533.3999999999942,mouse,,,0.31390977443609025,0.474937343358396,0,0,537,419
226813,8,task-fsrg,46151473,13415449,Spreadsheet1,5,3 Discounts Fatigue,1,Screen 1,7ej6b1,2,2,213053.5,550,mouse,,,0.3073308270676692,0.48245614035087714,0,0,530,413
226813,8,task-fsrg,46151473,13415449,Spreadsheet1,5,3 Discounts Fatigue,1,Screen 1,7ej6b1,2,2,213070.2,566.7000000000116,mouse,,,0.3026315789473684,0.4887218045112782,0,0,525,408
226813,8,task-fsrg,46151473,13415449,Spreadsheet1,5,3 Discounts Fatigue,1,Screen 1,7ej6b1,2,2,213086.8,583.2999999999884,mouse,,,0.299812030075188,0.49248120300751874,0,0,522,405
226813,8,task-fsrg,46151473,13415449,Spreadsheet1,5,3 Discounts Fatigue,1,Screen 1,7ej6b1,2,2,213103.3,599.7999999999884,mouse,,,0.29793233082706766,0.4949874686716792,0,0,520,403
226813,8,task-fsrg,46151473,13415449,Spreadsheet1,5,3 Discounts Fatigue,1,Screen 1,7ej6b1,2,2,213120.2,616.7000000000116,mouse,,,0.29605263157894735,0.49749373433583954,0,0,518,401
226813,8,task-fsrg,46151473,13415449,Spreadsheet1,5,3 Discounts Fatigue,1,Screen 1,7ej6b1,2,2,213136.4,632.8999999999942,mouse,,,0.29605263157894735,0.4987468671679198,0,0,518,400
226813,8,task-fsrg,46151473,13415449,Spreadsheet1,5,3 Discounts Fatigue,1,Screen 1,7ej6b1,2,2,213186.9,683.3999999999942,mouse,,,0.29793233082706766,0.49624060150375937,0,0,520,402
226813,8,task-fsrg,46151473,13415449,Spreadsheet1,5,3 Discounts Fatigue,1,Screen 1,7ej6b1,2,2,213203.5,700,mouse,,,0.30357142857142855,0.49122807017543857,0,0,526,406
226813,8,task-fsrg,46151473,13415449,Spreadsheet1,5,3 Discounts Fatigue,1,Screen 1,7ej6b1,2,2,213220.2,716.7000000000116,mouse,,,0.3092105263157895,0.48621553884711777,0,0,532,410
226813,8,task-fsrg,46151473,13415449,Spreadsheet1,5,3 Discounts Fatigue,1,Screen 1,7ej6b1,2,2,213236.8,733.2999999999884,mouse,,,0.3167293233082707,0.4837092731829574,0,0,540,412
226813,8,task-fsrg,46151473,13415449,Spreadsheet1,5,3 Discounts Fatigue,1,Screen 1,7ej6b1,2,2,213253.5,750,mouse,,,0.32048872180451127,0.48245614035087714,0,0,544,413
226813,8,task-fsrg,46151473,13415449,Spreadsheet1,5,3 Discounts Fatigue,1,Screen 1,7ej6b1,2,2,213270.2,766.7000000000116,mouse,,,0.3242481203007519,0.48245614035087714,0,0,548,413
226813,8,task-fsrg,46151473,13415449,Spreadsheet1,5,3 Discounts Fatigue,1,Screen 1,7ej6b1,2,2,213286.8,783.2999999999884,mouse,,,0.32706766917293234,0.48245614035087714,0,0,551,413
226813,8,task-fsrg,46151473,13415449,Spreadsheet1,5,3 Discounts Fatigue,1,Screen 1,7ej6b1,2,2,213303.5,800,mouse,,,0.32894736842105265,0.48245614035087714,0,0,553,413
226813,8,task-fsrg,46151473,13415449,Spreadsheet1,5,3 Discounts Fatigue,1,Screen 1,7ej6b1,2,2,213320.2,816.7000000000116,mouse,,,0.3308270676691729,0.4887218045112782,0,0,555,408
226813,8,task-fsrg,46151473,13415449,Spreadsheet1,5,3 Discounts Fatigue,1,Screen 1,7ej6b1,2,2,213336.9,833.3999999999942,mouse,,,0.3317669172932331,0.4987468671679198,0,0,556,400
226813,8,task-fsrg,46151473,13415449,Spreadsheet1,5,3 Discounts Fatigue,1,Screen 1,7ej6b1,2,2,213353.5,850,mouse,,,0.3317669172932331,0.5087719298245614,0,0,556,392
226813,8,task-fsrg,46151473,13415449,Spreadsheet1,5,3 Discounts Fatigue,1,Screen 1,7ej6b1,2,2,213370.1,866.6000000000058,mouse,,,0.3317669172932331,0.5225563909774436,0,0,556,381
226813,8,task-fsrg,46151473,13415449,Spreadsheet1,5,3 Discounts Fatigue,1,Screen 1,7ej6b1,2,2,213386.9,883.3999999999942,mouse,,,0.32800751879699247,0.5363408521303259,0,0,552,370
226813,8,task-fsrg,46151473,13415449,Spreadsheet1,5,3 Discounts Fatigue,1,Screen 1,7ej6b1,2,2,213403.5,900,mouse,,,0.32706766917293234,0.543859649122807,0,0,551,364
226813,8,task-fsrg,46151473,13415449,Spreadsheet1,5,3 Discounts Fatigue,1,Screen 1,7ej6b1,2,2,213419.2,915.7000000000116,mouse,,,0.325187969924812,0.5513784461152882,0,0,549,358
226813,8,task-fsrg,46151473,13415449,Spreadsheet1,5,3 Discounts Fatigue,1,Screen 1,7ej6b1,2,2,213436.8,933.2999999999884,mouse,,,0.3242481203007519,0.5551378446115288,0,0,548,355
226813,8,task-fsrg,46151473,13415449,Spreadsheet1,5,3 Discounts Fatigue,1,Screen 1,7ej6b1,2,2,213453.5,950,mouse,,,0.3233082706766917,0.5563909774436091,0,0,547,354
226813,8,task-fsrg,46151473,13415449,Spreadsheet1,5,3 Discounts Fatigue,1,Screen 1,7ej6b1,2,2,213469.2,965.7000000000116,mouse,,,0.3233082706766917,0.5576441102756893,0,0,547,353
226813,8,task-fsrg,46151473,13415449,Spreadsheet1,5,3 Discounts Fatigue,1,Screen 1,7ej6b1,2,2,213486.8,983.2999999999884,mouse,,,0.3233082706766917,0.5576441102756893,0,0,547,353
226813,8,task-fsrg,46151473,13415449,Spreadsheet1,5,3 Discounts Fatigue,1,Screen 1,7ej6b1,2,2,213503.5,1000,mouse,,,0.3223684210526316,0.5576441102756893,0,0,546,353
226813,8,task-fsrg,46151473,13415449,Spreadsheet1,5,3 Discounts Fatigue,1,Screen 1,7ej6b1,2,2,216470.1,3966.600000000006,mouse,,,0.325187969924812,0.5576441102756893,0,0,549,353
226813,8,task-fsrg,46151473,13415449,Spreadsheet1,5,3 Discounts Fatigue,1,Screen 1,7ej6b1,2,2,216486.8,3983.2999999999884,mouse,,,0.33270676691729323,0.5513784461152882,0,0,557,358
226813,8,task-fsrg,46151473,13415449,Spreadsheet1,5,3 Discounts Fatigue,1,Screen 1,7ej6b1,2,2,216503.5,4000,mouse,,,0.34398496240601506,0.5401002506265664,0,0,569,367
226813,8,task-fsrg,46151473,13415449,Spreadsheet1,5,3 Discounts Fatigue,1,Screen 1,7ej6b1,2,2,216520.1,4016.600000000006,mouse,,,0.35714285714285715,0.525062656641604,0,0,583,379
226813,8,task-fsrg,46151473,13415449,Spreadsheet1,5,3 Discounts Fatigue,1,Screen 1,7ej6b1,2,2,216536.8,4033.2999999999884,mouse,,,0.37406015037593987,0.5037593984962406,0,0,601,396
226813,8,task-fsrg,46151473,13415449,Spreadsheet1,5,3 Discounts Fatigue,1,Screen 1,7ej6b1,2,2,216553.5,4050,mouse,,,0.3900375939849624,0.48120300751879697,0,0,618,414
226813,8,task-fsrg,46151473,13415449,Spreadsheet1,5,3 Discounts Fatigue,1,Screen 1,7ej6b1,2,2,216570.2,4066.7000000000116,mouse,,,0.4031954887218045,0.4636591478696742,0,0,632,428
226813,8,task-fsrg,46151473,13415449,Spreadsheet1,5,3 Discounts Fatigue,1,Screen 1,7ej6b1,2,2,216586.8,4083.2999999999884,mouse,,,0.41729323308270677,0.4423558897243107,0,0,647,445
226813,8,task-fsrg,46151473,13415449,Spreadsheet1,5,3 Discounts Fatigue,1,Screen 1,7ej6b1,2,2,216603.5,4100,mouse,,,0.42857142857142855,0.42606516290726815,0,0,659,458
226813,8,task-fsrg,46151473,13415449,Spreadsheet1,5,3 Discounts Fatigue,1,Screen 1,7ej6b1,2,2,216620.2,4116.700000000012,mouse,,,0.4417293233082707,0.4085213032581454,0,0,673,472
226813,8,task-fsrg,46151473,13415449,Spreadsheet1,5,3 Discounts Fatigue,1,Screen 1,7ej6b1,2,2,216636.8,4133.299999999988,mouse,,,0.450187969924812,0.39473684210526316,0,0,682,483
226813,8,task-fsrg,46151473,13415449,Spreadsheet1,5,3 Discounts Fatigue,1,Screen 1,7ej6b1,2,2,216653.5,4150,mouse,,,0.45770676691729323,0.3822055137844611,0,0,690,493
226813,8,task-fsrg,46151473,13415449,Spreadsheet1,5,3 Discounts Fatigue,1,Screen 1,7ej6b1,2,2,216670.2,4166.700000000012,mouse,,,0.46522556390977443,0.368421052631579,0,0,698,504
226813,8,task-fsrg,46151473,13415449,Spreadsheet1,5,3 Discounts Fatigue,1,Screen 1,7ej6b1,2,2,216686.3,4182.799999999988,mouse,,,0.46710526315789475,0.36466165413533835,0,0,700,507
226813,8,task-fsrg,46151473,13415449,Spreadsheet1,5,3 Discounts Fatigue,1,Screen 1,7ej6b1,2,2,216703.2,4199.700000000012,mouse,,,0.4708646616541353,0.3558897243107769,0,0,704,514
226813,8,task-fsrg,46151473,13415449,Spreadsheet1,5,3 Discounts Fatigue,1,Screen 1,7ej6b1,2,2,216720.2,4216.700000000012,mouse,,,0.47274436090225563,0.3483709273182958,0,0,706,520
226813,8,task-fsrg,46151473,13415449,Spreadsheet1,5,3 Discounts Fatigue,1,Screen 1,7ej6b1,2,2,216736.8,4233.299999999988,mouse,,,0.4755639097744361,0.33959899749373434,0,0,709,527
226813,8,task-fsrg,46151473,13415449,Spreadsheet1,5,3 Discounts Fatigue,1,Screen 1,7ej6b1,2,2,216753,4249.5,mouse,,,0.4774436090225564,0.3320802005012531,0,0,711,533
226813,8,task-fsrg,46151473,13415449,Spreadsheet1,5,3 Discounts Fatigue,1,Screen 1,7ej6b1,2,2,216770.2,4266.700000000012,mouse,,,0.4793233082706767,0.3270676691729323,0,0,713,537
226813,8,task-fsrg,46151473,13415449,Spreadsheet1,5,3 Discounts Fatigue,1,Screen 1,7ej6b1,2,2,216786.8,4283.299999999988,mouse,,,0.48026315789473684,0.3220551378446115,0,0,714,541
226813,8,task-fsrg,46151473,13415449,Spreadsheet1,5,3 Discounts Fatigue,1,Screen 1,7ej6b1,2,2,216803.5,4300,mouse,,,0.48214285714285715,0.3170426065162907,0,0,716,545
226813,8,task-fsrg,46151473,13415449,Spreadsheet1,5,3 Discounts Fatigue,1,Screen 1,7ej6b1,2,2,216819.3,4315.799999999988,mouse,,,0.4830827067669173,0.3120300751879699,0,0,717,549
226813,8,task-fsrg,46151473,13415449,Spreadsheet1,5,3 Discounts Fatigue,1,Screen 1,7ej6b1,2,2,216836.8,4333.299999999988,mouse,,,0.48402255639097747,0.3070175438596491,0,0,718,553
226813,8,task-fsrg,46151473,13415449,Spreadsheet1,5,3 Discounts Fatigue,1,Screen 1,7ej6b1,2,2,216852.9,4349.399999999994,mouse,,,0.4849624060150376,0.30325814536340856,0,0,719,556
226813,8,task-fsrg,46151473,13415449,Spreadsheet1,5,3 Discounts Fatigue,1,Screen 1,7ej6b1,2,2,216870.2,4366.700000000012,mouse,,,0.4849624060150376,0.2969924812030075,0,0,719,561
226813,8,task-fsrg,46151473,13415449,Spreadsheet1,5,3 Discounts Fatigue,1,Screen 1,7ej6b1,2,2,216886.6,4383.100000000006,mouse,,,0.4859022556390977,0.2919799498746867,0,0,720,565
226813,8,task-fsrg,46151473,13415449,Spreadsheet1,5,3 Discounts Fatigue,1,Screen 1,7ej6b1,2,2,216903.5,4400,mouse,,,0.4868421052631579,0.2844611528822055,0,0,721,571
226813,8,task-fsrg,46151473,13415449,Spreadsheet1,5,3 Discounts Fatigue,1,Screen 1,7ej6b1,2,2,216919.9,4416.399999999994,mouse,,,0.4868421052631579,0.27694235588972427,0,0,721,577
226813,8,task-fsrg,46151473,13415449,Spreadsheet1,5,3 Discounts Fatigue,1,Screen 1,7ej6b1,2,2,216936.9,4433.399999999994,mouse,,,0.4868421052631579,0.27318295739348375,0,0,721,580
226813,8,task-fsrg,46151473,13415449,Spreadsheet1,5,3 Discounts Fatigue,1,Screen 1,7ej6b1,2,2,216953.5,4450,mouse,,,0.4859022556390977,0.2694235588972431,0,0,720,583
226813,8,task-fsrg,46151473,13415449,Spreadsheet1,5,3 Discounts Fatigue,1,Screen 1,7ej6b1,2,2,216970.2,4466.700000000012,mouse,,,0.4859022556390977,0.26817042606516295,0,0,720,584
226813,8,task-fsrg,46151473,13415449,Spreadsheet1,5,3 Discounts Fatigue,1,Screen 1,7ej6b1,2,2,216986.8,4483.299999999988,mouse,,,0.4849624060150376,0.26691729323308266,0,0,719,585
226813,8,task-fsrg,46151473,13415449,Spreadsheet1,5,3 Discounts Fatigue,1,Screen 1,7ej6b1,2,2,217003.5,4500,mouse,,,0.4849624060150376,0.2656641604010025,0,0,719,586
226813,8,task-fsrg,46151473,13415449,Spreadsheet1,5,3 Discounts Fatigue,1,Screen 1,7ej6b1,2,2,217019.2,4515.700000000012,mouse,,,0.48402255639097747,0.2656641604010025,0,0,718,586
226813,8,task-fsrg,46151473,13415449,Spreadsheet1,5,3 Discounts Fatigue,1,Screen 1,7ej6b1,2,2,217036.8,4533.299999999988,mouse,,,0.4830827067669173,0.2644110275689223,0,0,717,587
226813,8,task-fsrg,46151473,13415449,Spreadsheet1,5,3 Discounts Fatigue,1,Screen 1,7ej6b1,2,2,217053.5,4550,mouse,,,0.48120300751879697,0.26190476190476186,0,0,715,589
226813,8,task-fsrg,46151473,13415449,Spreadsheet1,5,3 Discounts Fatigue,1,Screen 1,7ej6b1,2,2,217069.4,4565.899999999994,mouse,,,0.48026315789473684,0.2606516290726817,0,0,714,590
226813,8,task-fsrg,46151473,13415449,Spreadsheet1,5,3 Discounts Fatigue,1,Screen 1,7ej6b1,2,2,217086.9,4583.399999999994,mouse,,,0.4774436090225564,0.2543859649122807,0,0,711,595
226813,8,task-fsrg,46151473,13415449,Spreadsheet1,5,3 Discounts Fatigue,1,Screen 1,7ej6b1,2,2,217103.5,4600,mouse,,,0.47368421052631576,0.24561403508771928,0,0,707,602
226813,8,task-fsrg,46151473,13415449,Spreadsheet1,5,3 Discounts Fatigue,1,Screen 1,7ej6b1,2,2,217119.4,4615.899999999994,mouse,,,0.4718045112781955,0.2393483709273183,0,0,705,607
226813,8,task-fsrg,46151473,13415449,Spreadsheet1,5,3 Discounts Fatigue,1,Screen 1,7ej6b1,2,2,217136.9,4633.399999999994,mouse,,,0.46898496240601506,0.23308270676691734,0,0,702,612
226813,8,task-fsrg,46151473,13415449,Spreadsheet1,5,3 Discounts Fatigue,1,Screen 1,7ej6b1,2,2,217152.6,4649.100000000006,mouse,,,0.4680451127819549,0.2293233082706767,0,0,701,615
226813,8,task-fsrg,46151473,13415449,Spreadsheet1,5,3 Discounts Fatigue,1,Screen 1,7ej6b1,2,2,217170,4666.5,mouse,,,0.4680451127819549,0.2293233082706767,0,0,701,615
226813,8,task-fsrg,46151473,13415449,Spreadsheet1,5,3 Discounts Fatigue,1,Screen 1,7ej6b1,2,2,217570.2,5066.700000000012,mouse,,,0.4680451127819549,0.2293233082706767,0,0,701,615
226813,8,task-fsrg,46151473,13415449,Spreadsheet1,5,3 Discounts Fatigue,1,Screen 1,7ej6b1,2,2,217586.9,5083.399999999994,mouse,,,0.4680451127819549,0.23057644110275688,0,0,701,614
226813,8,task-fsrg,46151473,13415449,Spreadsheet1,5,3 Discounts Fatigue,1,Screen 1,7ej6b1,2,2,217603.5,5100,mouse,,,0.46710526315789475,0.23308270676691734,0,0,700,612
226813,8,task-fsrg,46151473,13415449,Spreadsheet1,5,3 Discounts Fatigue,1,Screen 1,7ej6b1,2,2,217620.2,5116.700000000012,mouse,,,0.46710526315789475,0.23684210526315785,0,0,700,609
226813,8,task-fsrg,46151473,13415449,Spreadsheet1,5,3 Discounts Fatigue,1,Screen 1,7ej6b1,2,2,217636.8,5133.299999999988,mouse,,,0.46616541353383456,0.23809523809523814,0,0,699,608
226813,8,task-fsrg,46151473,13415449,Spreadsheet1,5,3 Discounts Fatigue,1,Screen 1,7ej6b1,2,2,217653.4,5149.899999999994,mouse,,,0.46616541353383456,0.2393483709273183,0,0,699,607
226813,8,task-fsrg,46151473,13415449,Spreadsheet1,5,3 Discounts Fatigue,1,Screen 1,7ej6b1,2,2,217670.2,5166.700000000012,mouse,,,0.46616541353383456,0.2393483709273183,0,0,699,607
226813,8,task-fsrg,46151473,13415449,Spreadsheet1,5,3 Discounts Fatigue,1,Screen 1,7ej6b1,2,2,217686.8,5183.299999999988,mouse,,,0.46522556390977443,0.2393483709273183,0,0,698,607
226813,8,task-fsrg,46151473,13415449,Spreadsheet1,5,3 Discounts Fatigue,1,Screen 1,7ej6b1,2,2,218303.5,5800,mouse,,,0.46522556390977443,0.24060150375939848,0,0,698,606
226813,8,task-fsrg,46151473,13415449,Spreadsheet1,5,3 Discounts Fatigue,1,Screen 1,7ej6b1,2,2,218320.1,5816.600000000006,mouse,,,0.46522556390977443,0.24185463659147866,0,0,698,605
226813,8,task-fsrg,46151473,13415449,Spreadsheet1,5,3 Discounts Fatigue,1,Screen 1,7ej6b1,2,2,218336.8,5833.299999999988,mouse,,,0.4642857142857143,0.24310776942355894,0,0,697,604
226813,8,task-fsrg,46151473,13415449,Spreadsheet1,5,3 Discounts Fatigue,1,Screen 1,7ej6b1,2,2,218353.5,5850,mouse,,,0.4633458646616541,0.2443609022556391,0,0,696,603
226813,8,task-fsrg,46151473,13415449,Spreadsheet1,5,3 Discounts Fatigue,1,Screen 1,7ej6b1,2,2,218369.7,5866.200000000012,mouse,,,0.4633458646616541,0.2443609022556391,0,0,696,603
226813,8,task-fsrg,46151473,13415449,Spreadsheet1,5,3 Discounts Fatigue,1,Screen 1,7ej6b1,2,2,218386.1,5882.600000000006,mouse,,,0.462406015037594,0.24561403508771928,0,0,695,602
226813,8,task-fsrg,46151473,13415449,Spreadsheet1,5,3 Discounts Fatigue,1,Screen 1,7ej6b1,2,2,218402.9,5899.399999999994,mouse,,,0.462406015037594,0.24686716791979946,0,0,695,601
226813,8,task-fsrg,46151473,13415449,Spreadsheet1,5,3 Discounts Fatigue,1,Screen 1,7ej6b1,2,2,218420.1,5916.600000000006,mouse,,,0.462406015037594,0.24686716791979946,0,0,695,601
226813,8,task-fsrg,46151473,13415449,Spreadsheet1,5,3 Discounts Fatigue,1,Screen 1,7ej6b1,2,2,222670.2,10166.700000000012,mouse,,,0.462406015037594,0.24686716791979946,0,0,695,601
226813,8,task-fsrg,46151473,13415449,Spreadsheet1,5,3 Discounts Fatigue,1,Screen 1,7ej6b1,2,2,222819.7,10316.200000000012,mouse,,,0.462406015037594,0.24686716791979946,0,0,695,601
226813,8,task-fsrg,46151473,13415449,Spreadsheet1,5,3 Discounts Fatigue,1,Screen 1,7ej6b1,2,2,222852.6,10349.100000000006,mouse,,,0.462406015037594,0.24561403508771928,0,0,695,602
226813,8,task-fsrg,46151473,13415449,Spreadsheet1,5,3 Discounts Fatigue,1,Screen 1,7ej6b1,2,2,222920.2,10416.700000000012,mouse,,,0.462406015037594,0.24561403508771928,0,0,695,602
226813,8,task-fsrg,46151473,13415449,Spreadsheet1,5,3 Discounts Fatigue,1,Screen 1,7ej6b1,2,2,222936.6,10433.100000000006,mouse,,,0.4633458646616541,0.24561403508771928,0,0,696,602
226813,8,task-fsrg,46151473,13415449,Spreadsheet1,5,3 Discounts Fatigue,1,Screen 1,7ej6b1,2,2,222970.2,10466.700000000012,mouse,,,0.4633458646616541,0.24561403508771928,0,0,696,602
226813,8,task-fsrg,46151473,13415449,Spreadsheet1,5,3 Discounts Fatigue,1,Screen 1,7ej6b1,2,2,222986.8,10483.299999999988,mouse,,,0.4633458646616541,0.24561403508771928,0,0,696,602
226813,8,task-fsrg,46151473,13415449,Spreadsheet1,5,3 Discounts Fatigue,1,Screen 1,7ej6b1,2,2,223020.2,10516.700000000012,mouse,,,0.4633458646616541,0.24561403508771928,0,0,696,602
226813,8,task-fsrg,46151473,13415449,Spreadsheet1,5,3 Discounts Fatigue,1,Screen 1,7ej6b1,2,2,223070.2,10566.700000000012,mouse,,,0.4633458646616541,0.24561403508771928,0,0,696,602
226813,8,task-fsrg,46151473,13415449,Spreadsheet1,5,3 Discounts Fatigue,1,Screen 1,7ej6b1,2,2,223536.8,11033.299999999988,mouse,,,0.4633458646616541,0.24561403508771928,0,0,696,602
226813,8,task-fsrg,46151473,13415449,Spreadsheet1,5,3 Discounts Fatigue,1,Screen 1,7ej6b1,2,2,223553.5,11050,mouse,,,0.4642857142857143,0.24561403508771928,0,0,697,602
226813,8,task-fsrg,46151473,13415449,Spreadsheet1,5,3 Discounts Fatigue,1,Screen 1,7ej6b1,2,2,224070.2,11566.700000000012,mouse,,,0.4642857142857143,0.24561403508771928,0,0,697,602
226813,8,task-fsrg,46151473,13415449,Spreadsheet1,5,3 Discounts Fatigue,1,Screen 1,7ej6b1,2,2,224086.8,11583.299999999988,mouse,,,0.4642857142857143,0.24561403508771928,0,0,697,602
226813,8,task-fsrg,46151473,13415449,Spreadsheet1,5,3 Discounts Fatigue,1,Screen 1,7ej6b1,2,2,225586.8,13083.299999999988,mouse,,,0.4642857142857143,0.24561403508771928,0,0,697,602
226813,8,task-fsrg,46151473,13415449,Spreadsheet1,5,3 Discounts Fatigue,1,Screen 1,7ej6b1,2,2,225603.5,13100,mouse,,,0.4633458646616541,0.24561403508771928,0,0,696,602
226813,8,task-fsrg,46151473,13415449,Spreadsheet1,5,3 Discounts Fatigue,1,Screen 1,7ej6b1,2,2,225620.1,13116.600000000006,mouse,,,0.4633458646616541,0.24561403508771928,0,0,696,602
226813,8,task-fsrg,46151473,13415449,Spreadsheet1,5,3 Discounts Fatigue,1,Screen 1,7ej6b1,2,2,225636.8,13133.299999999988,mouse,,,0.462406015037594,0.24561403508771928,0,0,695,602
226813,8,task-fsrg,46151473,13415449,Spreadsheet1,5,3 Discounts Fatigue,1,Screen 1,7ej6b1,2,2,225653.4,13149.899999999994,mouse,,,0.46146616541353386,0.24561403508771928,0,0,694,602
226813,8,task-fsrg,46151473,13415449,Spreadsheet1,5,3 Discounts Fatigue,1,Screen 1,7ej6b1,2,2,225669.9,13166.399999999994,mouse,,,0.46146616541353386,0.24686716791979946,0,0,694,601
226813,8,task-fsrg,46151473,13415449,Spreadsheet1,5,3 Discounts Fatigue,1,Screen 1,7ej6b1,2,2,225686.9,13183.399999999994,mouse,,,0.46146616541353386,0.24686716791979946,0,0,694,601
226813,8,task-fsrg,46151473,13415449,Spreadsheet1,5,3 Discounts Fatigue,1,Screen 1,7ej6b1,2,2,225703.5,13200,mouse,,,0.4605263157894737,0.24812030075187974,0,0,693,600
226813,8,task-fsrg,46151473,13415449,Spreadsheet1,5,3 Discounts Fatigue,1,Screen 1,7ej6b1,2,2,225719.8,13216.299999999988,mouse,,,0.4605263157894737,0.24812030075187974,0,0,693,600
226813,8,task-fsrg,46151473,13415449,Spreadsheet1,5,3 Discounts Fatigue,1,Screen 1,7ej6b1,2,2,225736.8,13233.299999999988,mouse,,,0.45958646616541354,0.24812030075187974,0,0,692,600
226813,8,task-fsrg,46151473,13415449,Spreadsheet1,5,3 Discounts Fatigue,1,Screen 1,7ej6b1,2,2,225753.5,13250,mouse,,,0.45958646616541354,0.24812030075187974,0,0,692,600
226813,8,task-fsrg,46151473,13415449,Spreadsheet1,5,3 Discounts Fatigue,1,Screen 1,7ej6b1,2,2,225770.1,13266.600000000006,mouse,,,0.45864661654135336,0.2493734335839599,0,0,691,599
226813,8,task-fsrg,46151473,13415449,Spreadsheet1,5,3 Discounts Fatigue,1,Screen 1,7ej6b1,2,2,225786.8,13283.299999999988,mouse,,,0.45864661654135336,0.2493734335839599,0,0,691,599
226813,8,task-fsrg,46151473,13415449,Spreadsheet1,5,3 Discounts Fatigue,1,Screen 1,7ej6b1,2,2,225803.5,13300,mouse,,,0.45770676691729323,0.2506265664160401,0,0,690,598
226813,8,task-fsrg,46151473,13415449,Spreadsheet1,5,3 Discounts Fatigue,1,Screen 1,7ej6b1,2,2,225819.6,13316.100000000006,mouse,,,0.4567669172932331,0.2506265664160401,0,0,689,598
226813,8,task-fsrg,46151473,13415449,Spreadsheet1,5,3 Discounts Fatigue,1,Screen 1,7ej6b1,2,2,225836.8,13333.299999999988,mouse,,,0.4567669172932331,0.25187969924812026,0,0,689,597
226813,8,task-fsrg,46151473,13415449,Spreadsheet1,5,3 Discounts Fatigue,1,Screen 1,7ej6b1,2,2,225853.5,13350,mouse,,,0.4548872180451128,0.25313283208020054,0,0,687,596
226813,8,task-fsrg,46151473,13415449,Spreadsheet1,5,3 Discounts Fatigue,1,Screen 1,7ej6b1,2,2,225870.1,13366.600000000006,mouse,,,0.45394736842105265,0.2543859649122807,0,0,686,595
226813,8,task-fsrg,46151473,13415449,Spreadsheet1,5,3 Discounts Fatigue,1,Screen 1,7ej6b1,2,2,225886.8,13383.299999999988,mouse,,,0.45300751879699247,0.2556390977443609,0,0,685,594
226813,8,task-fsrg,46151473,13415449,Spreadsheet1,5,3 Discounts Fatigue,1,Screen 1,7ej6b1,2,2,225902.6,13399.100000000006,mouse,,,0.45206766917293234,0.25689223057644106,0,0,684,593
226813,8,task-fsrg,46151473,13415449,Spreadsheet1,5,3 Discounts Fatigue,1,Screen 1,7ej6b1,2,2,225920.2,13416.700000000012,mouse,,,0.45112781954887216,0.25814536340852134,0,0,683,592
226813,8,task-fsrg,46151473,13415449,Spreadsheet1,5,3 Discounts Fatigue,1,Screen 1,7ej6b1,2,2,225936.8,13433.299999999988,mouse,,,0.4492481203007519,0.2606516290726817,0,0,681,590
226813,8,task-fsrg,46151473,13415449,Spreadsheet1,5,3 Discounts Fatigue,1,Screen 1,7ej6b1,2,2,225953.5,13450,mouse,,,0.4473684210526316,0.2656641604010025,0,0,679,586
226813,8,task-fsrg,46151473,13415449,Spreadsheet1,5,3 Discounts Fatigue,1,Screen 1,7ej6b1,2,2,225969.7,13466.200000000012,mouse,,,0.44360902255639095,0.27192982456140347,0,0,675,581
226813,8,task-fsrg,46151473,13415449,Spreadsheet1,5,3 Discounts Fatigue,1,Screen 1,7ej6b1,2,2,225986.6,13483.100000000006,mouse,,,0.4398496240601504,0.28195488721804507,0,0,671,573
226813,8,task-fsrg,46151473,13415449,Spreadsheet1,5,3 Discounts Fatigue,1,Screen 1,7ej6b1,2,2,226003.5,13500,mouse,,,0.43609022556390975,0.28822055137844615,0,0,667,568
226813,8,task-fsrg,46151473,13415449,Spreadsheet1,5,3 Discounts Fatigue,1,Screen 1,7ej6b1,2,2,226020.1,13516.600000000006,mouse,,,0.42199248120300753,0.31829573934837097,0,0,652,544
226813,8,task-fsrg,46151473,13415449,Spreadsheet1,5,3 Discounts Fatigue,1,Screen 1,7ej6b1,2,2,226036.8,13533.299999999988,mouse,,,0.41353383458646614,0.33959899749373434,0,0,643,527
226813,8,task-fsrg,46151473,13415449,Spreadsheet1,5,3 Discounts Fatigue,1,Screen 1,7ej6b1,2,2,226053.5,13550,mouse,,,0.4041353383458647,0.3634085213032582,0,0,633,508
226813,8,task-fsrg,46151473,13415449,Spreadsheet1,5,3 Discounts Fatigue,1,Screen 1,7ej6b1,2,2,226070.2,13566.700000000012,mouse,,,0.3975563909774436,0.3784461152882206,0,0,626,496
226813,8,task-fsrg,46151473,13415449,Spreadsheet1,5,3 Discounts Fatigue,1,Screen 1,7ej6b1,2,2,226086.8,13583.299999999988,mouse,,,0.3919172932330827,0.39097744360902253,0,0,620,486
226813,8,task-fsrg,46151473,13415449,Spreadsheet1,5,3 Discounts Fatigue,1,Screen 1,7ej6b1,2,2,226103.5,13600,mouse,,,0.3890977443609023,0.40100250626566414,0,0,617,478
226813,8,task-fsrg,46151473,13415449,Spreadsheet1,5,3 Discounts Fatigue,1,Screen 1,7ej6b1,2,2,226119.3,13615.799999999988,mouse,,,0.3881578947368421,0.4085213032581454,0,0,616,472
226813,8,task-fsrg,46151473,13415449,Spreadsheet1,5,3 Discounts Fatigue,1,Screen 1,7ej6b1,2,2,226136.8,13633.299999999988,mouse,,,0.3881578947368421,0.4122807017543859,0,0,616,469
226813,8,task-fsrg,46151473,13415449,Spreadsheet1,5,3 Discounts Fatigue,1,Screen 1,7ej6b1,2,2,226153,13649.5,mouse,,,0.3890977443609023,0.41478696741854637,0,0,617,467
226813,8,task-fsrg,46151473,13415449,Spreadsheet1,5,3 Discounts Fatigue,1,Screen 1,7ej6b1,2,2,226170.1,13666.600000000006,mouse,,,0.39285714285714285,0.41604010025062654,0,0,621,466
226813,8,task-fsrg,46151473,13415449,Spreadsheet1,5,3 Discounts Fatigue,1,Screen 1,7ej6b1,2,2,226186.8,13683.299999999988,mouse,,,0.3966165413533835,0.41604010025062654,0,0,625,466
226813,8,task-fsrg,46151473,13415449,Spreadsheet1,5,3 Discounts Fatigue,1,Screen 1,7ej6b1,2,2,226203.5,13700,mouse,,,0.40131578947368424,0.41604010025062654,0,0,630,466
226813,8,task-fsrg,46151473,13415449,Spreadsheet1,5,3 Discounts Fatigue,1,Screen 1,7ej6b1,2,2,226220.1,13716.600000000006,mouse,,,0.40601503759398494,0.41604010025062654,0,0,635,466
226813,8,task-fsrg,46151473,13415449,Spreadsheet1,5,3 Discounts Fatigue,1,Screen 1,7ej6b1,2,2,226236.8,13733.299999999988,mouse,,,0.4107142857142857,0.41478696741854637,0,0,640,467
226813,8,task-fsrg,46151473,13415449,Spreadsheet1,5,3 Discounts Fatigue,1,Screen 1,7ej6b1,2,2,226253.2,13749.700000000012,mouse,,,0.4144736842105263,0.4122807017543859,0,0,644,469
226813,8,task-fsrg,46151473,13415449,Spreadsheet1,5,3 Discounts Fatigue,1,Screen 1,7ej6b1,2,2,226270.1,13766.600000000006,mouse,,,0.4182330827067669,0.41102756892230574,0,0,648,470
226813,8,task-fsrg,46151473,13415449,Spreadsheet1,5,3 Discounts Fatigue,1,Screen 1,7ej6b1,2,2,226286.8,13783.299999999988,mouse,,,0.4201127819548872,0.4085213032581454,0,0,650,472
226813,8,task-fsrg,46151473,13415449,Spreadsheet1,5,3 Discounts Fatigue,1,Screen 1,7ej6b1,2,2,226303.5,13800,mouse,,,0.42293233082706766,0.4072681704260651,0,0,653,473
226813,8,task-fsrg,46151473,13415449,Spreadsheet1,5,3 Discounts Fatigue,1,Screen 1,7ej6b1,2,2,226320.1,13816.600000000006,mouse,,,0.4257518796992481,0.4072681704260651,0,0,656,473
226813,8,task-fsrg,46151473,13415449,Spreadsheet1,5,3 Discounts Fatigue,1,Screen 1,7ej6b1,2,2,226336.8,13833.299999999988,mouse,,,0.42857142857142855,0.40601503759398494,0,0,659,474
226813,8,task-fsrg,46151473,13415449,Spreadsheet1,5,3 Discounts Fatigue,1,Screen 1,7ej6b1,2,2,226353.5,13850,mouse,,,0.4332706766917293,0.40601503759398494,0,0,664,474
226813,8,task-fsrg,46151473,13415449,Spreadsheet1,5,3 Discounts Fatigue,1,Screen 1,7ej6b1,2,2,226370.1,13866.600000000006,mouse,,,0.43890977443609025,0.4072681704260651,0,0,670,473
226813,8,task-fsrg,46151473,13415449,Spreadsheet1,5,3 Discounts Fatigue,1,Screen 1,7ej6b1,2,2,226386.8,13883.299999999988,mouse,,,0.44454887218045114,0.4122807017543859,0,0,676,469
226813,8,task-fsrg,46151473,13415449,Spreadsheet1,5,3 Discounts Fatigue,1,Screen 1,7ej6b1,2,2,226403.5,13900,mouse,,,0.45112781954887216,0.4197994987468672,0,0,683,463
226813,8,task-fsrg,46151473,13415449,Spreadsheet1,5,3 Discounts Fatigue,1,Screen 1,7ej6b1,2,2,226420.2,13916.700000000012,mouse,,,0.4567669172932331,0.4285714285714286,0,0,689,456
226813,8,task-fsrg,46151473,13415449,Spreadsheet1,5,3 Discounts Fatigue,1,Screen 1,7ej6b1,2,2,226436.8,13933.299999999988,mouse,,,0.4633458646616541,0.4373433583959899,0,0,696,449
226813,8,task-fsrg,46151473,13415449,Spreadsheet1,5,3 Discounts Fatigue,1,Screen 1,7ej6b1,2,2,226453,13949.5,mouse,,,0.46616541353383456,0.4423558897243107,0,0,699,445
226813,8,task-fsrg,46151473,13415449,Spreadsheet1,5,3 Discounts Fatigue,1,Screen 1,7ej6b1,2,2,226469.2,13965.700000000012,mouse,,,0.4699248120300752,0.4473684210526315,0,0,703,441
226813,8,task-fsrg,46151473,13415449,Spreadsheet1,5,3 Discounts Fatigue,1,Screen 1,7ej6b1,2,2,226486.8,13983.299999999988,mouse,,,0.4718045112781955,0.449874686716792,0,0,705,439
226813,8,task-fsrg,46151473,13415449,Spreadsheet1,5,3 Discounts Fatigue,1,Screen 1,7ej6b1,2,2,226503.5,14000,mouse,,,0.47274436090225563,0.45112781954887216,0,0,706,438
226813,8,task-fsrg,46151473,13415449,Spreadsheet1,5,3 Discounts Fatigue,1,Screen 1,7ej6b1,2,2,226519.8,14016.299999999988,mouse,,,0.47368421052631576,0.4536340852130326,0,0,707,436
226813,8,task-fsrg,46151473,13415449,Spreadsheet1,5,3 Discounts Fatigue,1,Screen 1,7ej6b1,2,2,226536.8,14033.299999999988,mouse,,,0.47368421052631576,0.4536340852130326,0,0,707,436
226813,8,task-fsrg,46151473,13415449,Spreadsheet1,5,3 Discounts Fatigue,1,Screen 1,7ej6b1,2,2,226553.4,14049.899999999994,mouse,,,0.47368421052631576,0.4548872180451128,0,0,707,435
226813,8,task-fsrg,46151473,13415449,Spreadsheet1,5,3 Discounts Fatigue,1,Screen 1,7ej6b1,2,2,226570.1,14066.600000000006,mouse,,,0.47368421052631576,0.45614035087719296,0,0,707,434
226813,8,task-fsrg,46151473,13415449,Spreadsheet1,5,3 Discounts Fatigue,1,Screen 1,7ej6b1,2,2,226586.8,14083.299999999988,mouse,,,0.47368421052631576,0.45739348370927313,0,0,707,433
226813,8,task-fsrg,46151473,13415449,Spreadsheet1,5,3 Discounts Fatigue,1,Screen 1,7ej6b1,2,2,226603.4,14099.899999999994,mouse,,,0.47368421052631576,0.4586466165413534,0,0,707,432
226813,8,task-fsrg,46151473,13415449,Spreadsheet1,5,3 Discounts Fatigue,1,Screen 1,7ej6b1,2,2,226619.2,14115.700000000012,mouse,,,0.47368421052631576,0.4598997493734336,0,0,707,431
226813,8,task-fsrg,46151473,13415449,Spreadsheet1,5,3 Discounts Fatigue,1,Screen 1,7ej6b1,2,2,226636.8,14133.299999999988,mouse,,,0.47368421052631576,0.46115288220551376,0,0,707,430
226813,8,task-fsrg,46151473,13415449,Spreadsheet1,5,3 Discounts Fatigue,1,Screen 1,7ej6b1,2,2,226653.5,14150,mouse,,,0.47368421052631576,0.4649122807017544,0,0,707,427
226813,8,task-fsrg,46151473,13415449,Spreadsheet1,5,3 Discounts Fatigue,1,Screen 1,7ej6b1,2,2,226670.1,14166.600000000006,mouse,,,0.47368421052631576,0.46741854636591473,0,0,707,425
226813,8,task-fsrg,46151473,13415449,Spreadsheet1,5,3 Discounts Fatigue,1,Screen 1,7ej6b1,2,2,226686.8,14183.299999999988,mouse,,,0.47368421052631576,0.47117794486215536,0,0,707,422
226813,8,task-fsrg,46151473,13415449,Spreadsheet1,5,3 Discounts Fatigue,1,Screen 1,7ej6b1,2,2,226703.5,14200,mouse,,,0.47368421052631576,0.4736842105263158,0,0,707,420
226813,8,task-fsrg,46151473,13415449,Spreadsheet1,5,3 Discounts Fatigue,1,Screen 1,7ej6b1,2,2,226720.2,14216.700000000012,mouse,,,0.47368421052631576,0.47744360902255634,0,0,707,417
226813,8,task-fsrg,46151473,13415449,Spreadsheet1,5,3 Discounts Fatigue,1,Screen 1,7ej6b1,2,2,226736.8,14233.299999999988,mouse,,,0.47368421052631576,0.4799498746867168,0,0,707,415
226813,8,task-fsrg,46151473,13415449,Spreadsheet1,5,3 Discounts Fatigue,1,Screen 1,7ej6b1,2,2,226753.2,14249.700000000012,mouse,,,0.47274436090225563,0.48120300751879697,0,0,706,414
226813,8,task-fsrg,46151473,13415449,Spreadsheet1,5,3 Discounts Fatigue,1,Screen 1,7ej6b1,2,2,226770.2,14266.700000000012,mouse,,,0.4718045112781955,0.48245614035087714,0,0,705,413
226813,8,task-fsrg,46151473,13415449,Spreadsheet1,5,3 Discounts Fatigue,1,Screen 1,7ej6b1,2,2,226786.8,14283.299999999988,mouse,,,0.4718045112781955,0.4837092731829574,0,0,705,412
226813,8,task-fsrg,46151473,13415449,Spreadsheet1,5,3 Discounts Fatigue,1,Screen 1,7ej6b1,2,2,226803,14299.5,mouse,,,0.4718045112781955,0.4837092731829574,0,0,705,412
226813,8,task-fsrg,46151473,13415449,Spreadsheet1,5,3 Discounts Fatigue,1,Screen 1,7ej6b1,2,2,226820.1,14316.600000000006,mouse,,,0.4708646616541353,0.4837092731829574,0,0,704,412
226813,8,task-fsrg,46151473,13415449,Spreadsheet1,5,3 Discounts Fatigue,1,Screen 1,7ej6b1,2,2,226836.8,14333.299999999988,mouse,,,0.4708646616541353,0.4837092731829574,0,0,704,412
226813,8,task-fsrg,46151473,13415449,Spreadsheet1,5,3 Discounts Fatigue,1,Screen 1,7ej6b1,2,2,226853.5,14350,mouse,,,0.4708646616541353,0.4837092731829574,0,0,704,412
226813,8,task-fsrg,46151473,13415449,Spreadsheet1,5,3 Discounts Fatigue,1,Screen 1,7ej6b1,2,2,226870.2,14366.700000000012,mouse,,,0.4699248120300752,0.4837092731829574,0,0,703,412
226813,8,task-fsrg,46151473,13415449,Spreadsheet1,5,3 Discounts Fatigue,1,Screen 1,7ej6b1,2,2,226886.2,14382.700000000012,mouse,,,0.4680451127819549,0.4837092731829574,0,0,701,412
226813,8,task-fsrg,46151473,13415449,Spreadsheet1,5,3 Discounts Fatigue,1,Screen 1,7ej6b1,2,2,226903.5,14400,mouse,,,0.46522556390977443,0.4837092731829574,0,0,698,412
226813,8,task-fsrg,46151473,13415449,Spreadsheet1,5,3 Discounts Fatigue,1,Screen 1,7ej6b1,2,2,226920.1,14416.600000000006,mouse,,,0.46146616541353386,0.48120300751879697,0,0,694,414
226813,8,task-fsrg,46151473,13415449,Spreadsheet1,5,3 Discounts Fatigue,1,Screen 1,7ej6b1,2,2,226936.2,14432.700000000012,mouse,,,0.4558270676691729,0.4799498746867168,0,0,688,415
226813,8,task-fsrg,46151473,13415449,Spreadsheet1,5,3 Discounts Fatigue,1,Screen 1,7ej6b1,2,2,226953.5,14450,mouse,,,0.4492481203007519,0.47744360902255634,0,0,681,417
226813,8,task-fsrg,46151473,13415449,Spreadsheet1,5,3 Discounts Fatigue,1,Screen 1,7ej6b1,2,2,226969.7,14466.200000000012,mouse,,,0.4417293233082707,0.474937343358396,0,0,673,419
226813,8,task-fsrg,46151473,13415449,Spreadsheet1,5,3 Discounts Fatigue,1,Screen 1,7ej6b1,2,2,226986.1,14482.600000000006,mouse,,,0.43703007518796994,0.4736842105263158,0,0,668,420
226813,8,task-fsrg,46151473,13415449,Spreadsheet1,5,3 Discounts Fatigue,1,Screen 1,7ej6b1,2,2,227003.5,14500,mouse,,,0.43139097744360905,0.47117794486215536,0,0,662,422
226813,8,task-fsrg,46151473,13415449,Spreadsheet1,5,3 Discounts Fatigue,1,Screen 1,7ej6b1,2,2,227020.1,14516.600000000006,mouse,,,0.424812030075188,0.468671679197995,0,0,655,424
226813,8,task-fsrg,46151473,13415449,Spreadsheet1,5,3 Discounts Fatigue,1,Screen 1,7ej6b1,2,2,227036.7,14533.200000000012,mouse,,,0.42199248120300753,0.4649122807017544,0,0,652,427
226813,8,task-fsrg,46151473,13415449,Spreadsheet1,5,3 Discounts Fatigue,1,Screen 1,7ej6b1,2,2,227053.2,14549.700000000012,mouse,,,0.4182330827067669,0.46240601503759393,0,0,648,429
226813,8,task-fsrg,46151473,13415449,Spreadsheet1,5,3 Discounts Fatigue,1,Screen 1,7ej6b1,2,2,227069.7,14566.200000000012,mouse,,,0.41541353383458646,0.4598997493734336,0,0,645,431
226813,8,task-fsrg,46151473,13415449,Spreadsheet1,5,3 Discounts Fatigue,1,Screen 1,7ej6b1,2,2,227086.8,14583.299999999988,mouse,,,0.41353383458646614,0.4586466165413534,0,0,643,432
226813,8,task-fsrg,46151473,13415449,Spreadsheet1,5,3 Discounts Fatigue,1,Screen 1,7ej6b1,2,2,227103.5,14600,mouse,,,0.412593984962406,0.45739348370927313,0,0,642,433
226813,8,task-fsrg,46151473,13415449,Spreadsheet1,5,3 Discounts Fatigue,1,Screen 1,7ej6b1,2,2,227120.1,14616.600000000006,mouse,,,0.4116541353383459,0.45614035087719296,0,0,641,434
226813,8,task-fsrg,46151473,13415449,Spreadsheet1,5,3 Discounts Fatigue,1,Screen 1,7ej6b1,2,2,227136.8,14633.299999999988,mouse,,,0.4107142857142857,0.4536340852130326,0,0,640,436
226813,8,task-fsrg,46151473,13415449,Spreadsheet1,5,3 Discounts Fatigue,1,Screen 1,7ej6b1,2,2,227153.4,14649.899999999994,mouse,,,0.4107142857142857,0.449874686716792,0,0,640,439
226813,8,task-fsrg,46151473,13415449,Spreadsheet1,5,3 Discounts Fatigue,1,Screen 1,7ej6b1,2,2,227170,14666.5,mouse,,,0.40977443609022557,0.4423558897243107,0,0,639,445
226813,8,task-fsrg,46151473,13415449,Spreadsheet1,5,3 Discounts Fatigue,1,Screen 1,7ej6b1,2,2,227186.8,14683.299999999988,mouse,,,0.40883458646616544,0.42105263157894735,0,0,638,462
226813,8,task-fsrg,46151473,13415449,Spreadsheet1,5,3 Discounts Fatigue,1,Screen 1,7ej6b1,2,2,227203.4,14699.899999999994,mouse,,,0.40883458646616544,0.39473684210526316,0,0,638,483
226813,8,task-fsrg,46151473,13415449,Spreadsheet1,5,3 Discounts Fatigue,1,Screen 1,7ej6b1,2,2,227220.2,14716.700000000012,mouse,,,0.40977443609022557,0.368421052631579,0,0,639,504
226813,8,task-fsrg,46151473,13415449,Spreadsheet1,5,3 Discounts Fatigue,1,Screen 1,7ej6b1,2,2,227236.8,14733.299999999988,mouse,,,0.4144736842105263,0.343358395989975,0,0,644,524
226813,8,task-fsrg,46151473,13415449,Spreadsheet1,5,3 Discounts Fatigue,1,Screen 1,7ej6b1,2,2,227253.4,14749.899999999994,mouse,,,0.42199248120300753,0.3120300751879699,0,0,652,549
226813,8,task-fsrg,46151473,13415449,Spreadsheet1,5,3 Discounts Fatigue,1,Screen 1,7ej6b1,2,2,227270.2,14766.700000000012,mouse,,,0.42857142857142855,0.2894736842105263,0,0,659,567
226813,8,task-fsrg,46151473,13415449,Spreadsheet1,5,3 Discounts Fatigue,1,Screen 1,7ej6b1,2,2,227286.8,14783.299999999988,mouse,,,0.43609022556390975,0.2644110275689223,0,0,667,587
226813,8,task-fsrg,46151473,13415449,Spreadsheet1,5,3 Discounts Fatigue,1,Screen 1,7ej6b1,2,2,227303.3,14799.799999999988,mouse,,,0.4398496240601504,0.25313283208020054,0,0,671,596
226813,8,task-fsrg,46151473,13415449,Spreadsheet1,5,3 Discounts Fatigue,1,Screen 1,7ej6b1,2,2,227319.8,14816.299999999988,mouse,,,0.4492481203007519,0.2293233082706767,0,0,681,615
226813,8,task-fsrg,46151473,13415449,Spreadsheet1,5,3 Discounts Fatigue,1,Screen 1,7ej6b1,2,2,227336.8,14833.299999999988,mouse,,,0.45206766917293234,0.2243107769423559,0,0,684,619
226813,8,task-fsrg,46151473,13415449,Spreadsheet1,5,3 Discounts Fatigue,1,Screen 1,7ej6b1,2,2,227353.5,14850,mouse,,,0.4558270676691729,0.2192982456140351,0,0,688,623
226813,8,task-fsrg,46151473,13415449,Spreadsheet1,5,3 Discounts Fatigue,1,Screen 1,7ej6b1,2,2,227370.1,14866.600000000006,mouse,,,0.45864661654135336,0.2142857142857143,0,0,691,627
226813,8,task-fsrg,46151473,13415449,Spreadsheet1,5,3 Discounts Fatigue,1,Screen 1,7ej6b1,2,2,227386.8,14883.299999999988,mouse,,,0.46146616541353386,0.21052631578947367,0,0,694,630
226813,8,task-fsrg,46151473,13415449,Spreadsheet1,5,3 Discounts Fatigue,1,Screen 1,7ej6b1,2,2,227403.4,14899.899999999994,mouse,,,0.462406015037594,0.2092731829573935,0,0,695,631
226813,8,task-fsrg,46151473,13415449,Spreadsheet1,5,3 Discounts Fatigue,1,Screen 1,7ej6b1,2,2,227420.1,14916.600000000006,mouse,,,0.4642857142857143,0.20676691729323304,0,0,697,633
226813,8,task-fsrg,46151473,13415449,Spreadsheet1,5,3 Discounts Fatigue,1,Screen 1,7ej6b1,2,2,227436.4,14932.899999999994,mouse,,,0.46522556390977443,0.20551378446115287,0,0,698,634
226813,8,task-fsrg,46151473,13415449,Spreadsheet1,5,3 Discounts Fatigue,1,Screen 1,7ej6b1,2,2,227453.4,14949.899999999994,mouse,,,0.46616541353383456,0.2042606516290727,0,0,699,635
226813,8,task-fsrg,46151473,13415449,Spreadsheet1,5,3 Discounts Fatigue,1,Screen 1,7ej6b1,2,2,227469.9,14966.399999999994,mouse,,,0.46710526315789475,0.20300751879699253,0,0,700,636
226813,8,task-fsrg,46151473,13415449,Spreadsheet1,5,3 Discounts Fatigue,1,Screen 1,7ej6b1,2,2,227486.8,14983.299999999988,mouse,,,0.4680451127819549,0.20175438596491224,0,0,701,637
226813,8,task-fsrg,46151473,13415449,Spreadsheet1,5,3 Discounts Fatigue,1,Screen 1,7ej6b1,2,2,227503.5,15000,mouse,,,0.4680451127819549,0.20175438596491224,0,0,701,637
226813,8,task-fsrg,46151473,13415449,Spreadsheet1,5,3 Discounts Fatigue,1,Screen 1,7ej6b1,2,2,227520.2,15016.700000000012,mouse,,,0.46898496240601506,0.20050125313283207,0,0,702,638
226813,8,task-fsrg,46151473,13415449,Spreadsheet1,5,3 Discounts Fatigue,1,Screen 1,7ej6b1,2,2,227536.8,15033.299999999988,mouse,,,0.4699248120300752,0.20050125313283207,0,0,703,638
226813,8,task-fsrg,46151473,13415449,Spreadsheet1,5,3 Discounts Fatigue,1,Screen 1,7ej6b1,2,2,227553.5,15050,mouse,,,0.4699248120300752,0.20050125313283207,0,0,703,638
226813,8,task-fsrg,46151473,13415449,Spreadsheet1,5,3 Discounts Fatigue,1,Screen 1,7ej6b1,2,2,227570.1,15066.600000000006,mouse,,,0.4708646616541353,0.20050125313283207,0,0,704,638
226813,8,task-fsrg,46151473,13415449,Spreadsheet1,5,3 Discounts Fatigue,1,Screen 1,7ej6b1,2,2,227586.5,15083,mouse,,,0.4718045112781955,0.20050125313283207,0,0,705,638
226813,8,task-fsrg,46151473,13415449,Spreadsheet1,5,3 Discounts Fatigue,1,Screen 1,7ej6b1,2,2,227603.4,15099.899999999994,mouse,,,0.47274436090225563,0.20050125313283207,0,0,706,638
226813,8,task-fsrg,46151473,13415449,Spreadsheet1,5,3 Discounts Fatigue,1,Screen 1,7ej6b1,2,2,227620.1,15116.600000000006,mouse,,,0.47462406015037595,0.20050125313283207,0,0,708,638
226813,8,task-fsrg,46151473,13415449,Spreadsheet1,5,3 Discounts Fatigue,1,Screen 1,7ej6b1,2,2,227636.8,15133.299999999988,mouse,,,0.47650375939849626,0.20050125313283207,0,0,710,638
226813,8,task-fsrg,46151473,13415449,Spreadsheet1,5,3 Discounts Fatigue,1,Screen 1,7ej6b1,2,2,227653.5,15150,mouse,,,0.4783834586466165,0.20050125313283207,0,0,712,638
226813,8,task-fsrg,46151473,13415449,Spreadsheet1,5,3 Discounts Fatigue,1,Screen 1,7ej6b1,2,2,227670.1,15166.600000000006,mouse,,,0.48026315789473684,0.20050125313283207,0,0,714,638
226813,8,task-fsrg,46151473,13415449,Spreadsheet1,5,3 Discounts Fatigue,1,Screen 1,7ej6b1,2,2,227686.8,15183.299999999988,mouse,,,0.48214285714285715,0.20175438596491224,0,0,716,637
226813,8,task-fsrg,46151473,13415449,Spreadsheet1,5,3 Discounts Fatigue,1,Screen 1,7ej6b1,2,2,227703.5,15200,mouse,,,0.48402255639097747,0.20175438596491224,0,0,718,637
226813,8,task-fsrg,46151473,13415449,Spreadsheet1,5,3 Discounts Fatigue,1,Screen 1,7ej6b1,2,2,227720.2,15216.700000000012,mouse,,,0.4859022556390977,0.20300751879699253,0,0,720,636
226813,8,task-fsrg,46151473,13415449,Spreadsheet1,5,3 Discounts Fatigue,1,Screen 1,7ej6b1,2,2,227736.8,15233.299999999988,mouse,,,0.48778195488721804,0.2042606516290727,0,0,722,635
226813,8,task-fsrg,46151473,13415449,Spreadsheet1,5,3 Discounts Fatigue,1,Screen 1,7ej6b1,2,2,227753.5,15250,mouse,,,0.48872180451127817,0.2042606516290727,0,0,723,635
226813,8,task-fsrg,46151473,13415449,Spreadsheet1,5,3 Discounts Fatigue,1,Screen 1,7ej6b1,2,2,227770.2,15266.700000000012,mouse,,,0.4906015037593985,0.20551378446115287,0,0,725,634
226813,8,task-fsrg,46151473,13415449,Spreadsheet1,5,3 Discounts Fatigue,1,Screen 1,7ej6b1,2,2,227786.8,15283.299999999988,mouse,,,0.49154135338345867,0.20551378446115287,0,0,726,634
226813,8,task-fsrg,46151473,13415449,Spreadsheet1,5,3 Discounts Fatigue,1,Screen 1,7ej6b1,2,2,227803.5,15300,mouse,,,0.4924812030075188,0.20551378446115287,0,0,727,634
226813,8,task-fsrg,46151473,13415449,Spreadsheet1,5,3 Discounts Fatigue,1,Screen 1,7ej6b1,2,2,227820.1,15316.600000000006,mouse,,,0.4943609022556391,0.20676691729323304,0,0,729,633
226813,8,task-fsrg,46151473,13415449,Spreadsheet1,5,3 Discounts Fatigue,1,Screen 1,7ej6b1,2,2,227836.8,15333.299999999988,mouse,,,0.49530075187969924,0.20676691729323304,0,0,730,633
226813,8,task-fsrg,46151473,13415449,Spreadsheet1,5,3 Discounts Fatigue,1,Screen 1,7ej6b1,2,2,227853.2,15349.700000000012,mouse,,,0.49624060150375937,0.20802005012531333,0,0,731,632
226813,8,task-fsrg,46151473,13415449,Spreadsheet1,5,3 Discounts Fatigue,1,Screen 1,7ej6b1,2,2,227869.5,15366,mouse,,,0.49718045112781956,0.21052631578947367,0,0,732,630
226813,8,task-fsrg,46151473,13415449,Spreadsheet1,5,3 Discounts Fatigue,1,Screen 1,7ej6b1,2,2,227886.4,15382.899999999994,mouse,,,0.4981203007518797,0.2142857142857143,0,0,733,627
226813,8,task-fsrg,46151473,13415449,Spreadsheet1,5,3 Discounts Fatigue,1,Screen 1,7ej6b1,2,2,227902.7,15399.200000000012,mouse,,,0.49906015037593987,0.22055137844611528,0,0,734,622
226813,8,task-fsrg,46151473,13415449,Spreadsheet1,5,3 Discounts Fatigue,1,Screen 1,7ej6b1,2,2,227920.2,15416.700000000012,mouse,,,0.49906015037593987,0.22807017543859653,0,0,734,616
226813,8,task-fsrg,46151473,13415449,Spreadsheet1,5,3 Discounts Fatigue,1,Screen 1,7ej6b1,2,2,227936.8,15433.299999999988,mouse,,,0.49906015037593987,0.2343358395989975,0,0,734,611
226813,8,task-fsrg,46151473,13415449,Spreadsheet1,5,3 Discounts Fatigue,1,Screen 1,7ej6b1,2,2,227953.5,15450,mouse,,,0.49906015037593987,0.24060150375939848,0,0,734,606
226813,8,task-fsrg,46151473,13415449,Spreadsheet1,5,3 Discounts Fatigue,1,Screen 1,7ej6b1,2,2,227969.4,15465.899999999994,mouse,,,0.49718045112781956,0.24561403508771928,0,0,732,602
226813,8,task-fsrg,46151473,13415449,Spreadsheet1,5,3 Discounts Fatigue,1,Screen 1,7ej6b1,2,2,227986.9,15483.399999999994,mouse,,,0.49624060150375937,0.2493734335839599,0,0,731,599
226813,8,task-fsrg,46151473,13415449,Spreadsheet1,5,3 Discounts Fatigue,1,Screen 1,7ej6b1,2,2,228003.4,15499.899999999994,mouse,,,0.4943609022556391,0.25313283208020054,0,0,729,596
226813,8,task-fsrg,46151473,13415449,Spreadsheet1,5,3 Discounts Fatigue,1,Screen 1,7ej6b1,2,2,228020.1,15516.600000000006,mouse,,,0.4934210526315789,0.2556390977443609,0,0,728,594
226813,8,task-fsrg,46151473,13415449,Spreadsheet1,5,3 Discounts Fatigue,1,Screen 1,7ej6b1,2,2,228036.8,15533.299999999988,mouse,,,0.49154135338345867,0.25814536340852134,0,0,726,592
226813,8,task-fsrg,46151473,13415449,Spreadsheet1,5,3 Discounts Fatigue,1,Screen 1,7ej6b1,2,2,228053.4,15549.899999999994,mouse,,,0.4906015037593985,0.2593984962406015,0,0,725,591
226813,8,task-fsrg,46151473,13415449,Spreadsheet1,5,3 Discounts Fatigue,1,Screen 1,7ej6b1,2,2,228070.1,15566.600000000006,mouse,,,0.4906015037593985,0.2606516290726817,0,0,725,590
226813,8,task-fsrg,46151473,13415449,Spreadsheet1,5,3 Discounts Fatigue,1,Screen 1,7ej6b1,2,2,228086.8,15583.299999999988,mouse,,,0.4906015037593985,0.2606516290726817,0,0,725,590
226813,8,task-fsrg,46151473,13415449,Spreadsheet1,5,3 Discounts Fatigue,1,Screen 1,7ej6b1,2,2,228303.5,15800,mouse,,,0.4906015037593985,0.2606516290726817,0,0,725,590
226813,8,task-fsrg,46151473,13415449,Spreadsheet1,5,3 Discounts Fatigue,1,Screen 1,7ej6b1,2,2,228403.4,15899.899999999994,mouse,,,0.48966165413533835,0.2606516290726817,0,0,724,590
226813,8,task-fsrg,46151473,13415449,Spreadsheet1,5,3 Discounts Fatigue,1,Screen 1,7ej6b1,2,2,228436.8,15933.299999999988,mouse,,,0.48966165413533835,0.2606516290726817,0,0,724,590
226813,8,task-fsrg,46151473,13415449,Spreadsheet1,5,3 Discounts Fatigue,1,Screen 1,7ej6b1,2,2,228636.8,16133.299999999988,mouse,,,0.48966165413533835,0.2606516290726817,0,0,724,590
226813,8,task-fsrg,46151473,13415449,Spreadsheet1,5,3 Discounts Fatigue,1,Screen 1,7ej6b1,2,2,228670.1,16166.600000000006,mouse,,,0.48966165413533835,0.2606516290726817,0,0,724,590
226813,8,task-fsrg,46151473,13415449,Spreadsheet1,5,3 Discounts Fatigue,1,Screen 1,7ej6b1,2,2,228870.1,16366.600000000006,mouse,,,0.48872180451127817,0.2606516290726817,0,0,723,590
226813,8,task-fsrg,46151473,13415449,Spreadsheet1,5,3 Discounts Fatigue,1,Screen 1,7ej6b1,2,2,229170.1,16666.600000000006,mouse,,,0.48872180451127817,0.2606516290726817,0,0,723,590
226813,8,task-fsrg,46151473,13415449,Spreadsheet1,5,3 Discounts Fatigue,1,Screen 1,7ej6b1,2,2,229186.8,16683.29999999999,mouse,,,0.48872180451127817,0.2606516290726817,0,0,723,590
226813,8,task-fsrg,46151473,13415449,Spreadsheet1,5,3 Discounts Fatigue,1,Screen 1,7ej6b1,2,2,229286.8,16783.29999999999,mouse,,,0.48872180451127817,0.2606516290726817,0,0,723,590
226813,8,task-fsrg,46151473,13415449,Spreadsheet1,5,3 Discounts Fatigue,1,Screen 1,7ej6b1,2,2,229303.5,16800,mouse,,,0.48872180451127817,0.2606516290726817,0,0,723,590